Id,Last
1,3934320016835.875
2,707954459145.0022
4,294.6493631399051
5,974.4137672245854
