Id,Last
7,[0]
8,[ 2097152.00418583]
11,[0]
13,[0]
15,[ 9.25270337]
16,[0]
18,[0]
20,[0]
21,[0]
23,[0]
24,[0]
26,[ 8.05591999]
28,[0]
34,[0]
35,[0]
36,[0]
40,[0]
41,[ 499.58025211]
44,[0]
46,[ -1.02334155e+08]
49,[0]
51,[0]
52,[0]
53,[0]
57,[0]
59,[ 49924.82337529]
61,[0]
63,[0]
64,[0]
